母父,大血統
A.P. Indy,ナスルーラ系
Acatenango,その他系
Acclamation,ノーザンダンサー系
Action This Day,その他系
Ad Valorem,その他系
Adcat,その他系
Adelaide,その他系
Adios Charlie,その他系
Afleet Alex,その他系
After Market,その他系
Afternoon Deelites,その他系
Air Force Blue(米),その他系
Alamosa,その他系
Alex the Winner,その他系
Alex's Pal,その他系
Alhaarth,その他系
All American,その他系
Allen's Prospect,その他系
Almutawakel,その他系
Alphabet Soup,その他系
Alwuhush(米),その他系
Alzao,その他系
Amadeus Wolf(英),その他系
American Pharoah(米),ミスタープロスペクター系
American Post,その他系
Anabaa,その他系
Anabaa Blue,その他系
Anjaal,その他系
Anodin,その他系
Any Given Saturday,その他系
Aragorn,その他系
Arcano,その他系
Arch(米),ロベルト系
Archarcharch,その他系
Areion,その他系
Astrology,その他系
Astronomer Royal,その他系
Aussie Rules,その他系
Australia(英),その他系
Authorized,ノーザンダンサー系
Avenue of Flags,その他系
Awesome Again(加),ノーザンダンサー系
Awesome Gambler,その他系
Awesome of Course,その他系
Awtaad,その他系
Azamour(愛),その他系
Bahamian Bounty,その他系
Bahhare,その他系
Bahri(米),その他系
Ballingarry(愛),その他系
Bandini,その他系
Banker's Gold,その他系
Barathea,その他系
Bated Breath,その他系
Bay of Plenty,その他系
Beat Hollow,その他系
Bel Esprit,その他系
Bellamy Road,ノーザンダンサー系
Belong to Me,その他系
Bernardini(米),ナスルーラ系
Bernstein,ノーザンダンサー系
Bertolini,その他系
Bertrando,その他系
Big Bad Bob,その他系
Big Brown(米),ノーザンダンサー系
Big Shuffle(米),その他系
Birdstone,ミスタープロスペクター系
Black Minnaloushe(米),その他系
Blame,ロベルト系
Blu Air Force,その他系
Bluegrass Cat,その他系
Bodemeister,その他系
Born To Sea,その他系
Boundary,その他系
Bowman's Band,その他系
Brilliant Speed,その他系
Broad Brush,その他系
Broken Vow,ミスタープロスペクター系
Buddha,その他系
Burgundy,その他系
Burning Roma,その他系
Cactus Ridge,その他系
Cadeaux Genereux,その他系
Caerleon(米),その他系
Cairo Prince,その他系
Camacho,その他系
Camelot(英),その他系
Canadian Frontier,その他系
Candy Ride,ミスタープロスペクター系
Candy Stripes,ナスルーラ系
Canford Cliffs(愛),その他系
Cape Cross,ノーザンダンサー系
Cape Town,その他系
Capote,その他系
Captain Rio,その他系
Carpe Diem,その他系
Carson City,ミスタープロスペクター系
Casamento(愛),その他系
Cat Thief,その他系
Catcher In The Rye,その他系
Catienus,その他系
Celtic Swing,その他系
Champs Elysees,その他系
Charge Forward,その他系
Charm Spirit,その他系
Charnwood Forest,その他系
Cherokee Run,その他系
Chester House(米),その他系
Chief Seattle,その他系
Chief's Crown,その他系
Christine's Outlaw,その他系
Circular Quay,その他系
City Banker,その他系
City Zip(米),ミスタープロスペクター系
Clodovil,その他系
Closing Argument,その他系
Colonel John,その他系
Combat Ready,その他系
Compton Place,その他系
Concern,その他系
Concorde's Tune,その他系
Congaree,その他系
Congrats(米),ナスルーラ系
Consolidator(米),その他系
Corinthian(米),その他系
Cosmic,その他系
Country Reel,その他系
Court Vision(米),その他系
Courtier,その他系
Cowboy Cal,その他系
Cozzene,ナスルーラ系
Crafty Prospector,ミスタープロスペクター系
Creative Cause,その他系
Crimson Tide,その他系
Crocker Road,その他系
Cross Traffic,その他系
Cryptoclearance,その他系
Curlin(米),ミスタープロスペクター系
Custom for Carlos,その他系
Cuvee,その他系
D'Wildcat,その他系
Dabirsim,その他系
Dalakhani,ナスルーラ系
Dance Brightly,その他系
Dandy Man,その他系
Danehill Dancer(愛),ノーザンダンサー系
Danetime,その他系
Dansili,ノーザンダンサー系
Danzero,その他系
Danzig,ノーザンダンサー系
Daredevil,その他系
Dark Angel,ノーザンダンサー系
Darshaan,その他系
Dashing Blade,その他系
Dawn Approach(愛),ノーザンダンサー系
Daylami(愛),その他系
Denman,その他系
Deputy Commander,その他系
Deputy Minister,ノーザンダンサー系
Desert Prince,その他系
Devil His Due,その他系
Devil's Bag,その他系
Diamond Green,その他系
Diesis,その他系
Distant View,その他系
Distorted Humor(米),ミスタープロスペクター系
Dixie Union(米),ノーザンダンサー系
Dixieland Band,その他系
Docksider,その他系
Doctor Dino(仏),その他系
Dominus,その他系
Doyen(愛),その他系
Dr Fong(米),その他系
Dream Ahead,その他系
Drosselmeyer(米),その他系
Dubai Destination,ミスタープロスペクター系
Dubai Millennium(英),その他系
Dubawi,ミスタープロスペクター系
Due Diligence,その他系
Duke of Marmalade(愛),その他系
Dundeel,その他系
During,その他系
Dushyantor,その他系
Dutch Art(英),その他系
Dylan Thomas(愛),ノーザンダンサー系
Dynaformer,ロベルト系
E Dubai,その他系
Easing Along,その他系
Ecclesiastic,その他系
Eddington,その他系
Editor's Note,その他系
Efisio,その他系
El Corredor,その他系
El Prado,ノーザンダンサー系
Eltish,その他系
Elusive City,その他系
Elusive Quality,ミスタープロスペクター系
Elzaam,その他系
Encosta de Lago,その他系
English Channel,その他系
Epaulette,その他系
Equal Stripes,その他系
Equiano,その他系
Essence of Dubai,その他系
Event of the Year,その他系
Exceed And Excel,ノーザンダンサー系
Excellent Art,その他系
Exchange Rate,ミスタープロスペクター系
Exploit,その他系
Falvelon(豪),その他系
Fast 'N' Famous,その他系
Fast Company,その他系
Fastnet Rock(豪),その他系
Favorite Trick,その他系
Firebreak(英),その他系
First American,その他系
First Defence,ミスタープロスペクター系
First Dude,その他系
First Samurai,その他系
Flashy Bull,その他系
Flat Out,その他系
Flatter,その他系
Flower Alley,ミスタープロスペクター系
Fly So Free,その他系
Flying Spur,その他系
Footstepsinthesand(英),その他系
Forest Camp,その他系
Forest Wildcat,その他系
Forestry,ノーザンダンサー系
Formal Dinner,その他系
Formal Gold,その他系
Fortify,その他系
Fortunate Prospect,その他系
Foxwedge,その他系
Frankel,ノーザンダンサー系
French Envoy,その他系
Freud,ノーザンダンサー系
Frosted(米),その他系
Full Mast,その他系
Fusaichi Pegasus,ミスタープロスペクター系
Galileo(愛),ノーザンダンサー系
Gemologist,その他系
General Meeting,その他系
Get Stormy,その他系
Ghostzapper,ノーザンダンサー系
Giacomo,その他系
Giant's Causeway(米),ノーザンダンサー系
Gilded Time,その他系
Gio Ponti(米),ノーザンダンサー系
Girolamo,その他系
Gleneagles(愛),その他系
Global Hunter,その他系
Going Commando,その他系
Golan(愛),その他系
Gold Away,その他系
Gold Legend,その他系
Golden Missile,その他系
Gone West,ミスタープロスペクター系
Grand Lodge(米),その他系
Grand Reward,その他系
Grand Slam,ミスタープロスペクター系
Grape Tree Road,その他系
Graydar,その他系
Green Desert,ノーザンダンサー系
Green Forest,その他系
Green Tune,その他系
Gregorian,その他系
Grindstone,その他系
Gulch,その他系
Gun Runner(米),その他系
Gutaifan(愛),その他系
Haafhd(英),その他系
Halling,その他系
Hallowed Crown,その他系
Hansen,その他系
Harlan's Holiday,ノーザンダンサー系
Harlington,その他系
Havana Gold,ノーザンダンサー系
Hawk Wing,その他系
Haynesfield,その他系
Heatseeker,その他系
Heliostatic,その他系
Henrythenavigator(米),その他系
Hernando(仏),その他系
Hesabull,その他系
High Chaparral(愛),ノーザンダンサー系
High Yield(米),その他系
Highest Honor,その他系
Hinchinbrook,その他系
Hold That Tiger,その他系
Holy Bull(米),その他系
Holy Roman Emperor,その他系
Honour and Glory,その他系
Horse Chestnut,その他系
Hurricane Run(愛),その他系
Hurricane Sky,その他系
Hussonet,その他系
I Am Invincible,その他系
Ice Box,その他系
Iffraaj,ミスタープロスペクター系
In Excess(愛),ナスルーラ系
In the WingsIn The Wings(英),その他系
Inchinor,その他系
Include,その他系
Indian Charlie,ナスルーラ系
Indian Ridge,その他系
Indian Rocket,その他系
Indygo Shiner,その他系
Intello(独),その他系
Intense Focus,その他系
Interprete,その他系
Intidab,その他系
Intikhab,その他系
Into Mischief,ノーザンダンサー系
Invasor,その他系
Invincible Spirit(愛),ノーザンダンサー系
Istan,その他系
J Be K,その他系
Jeremy,その他系
Jimmy Creed(米),その他系
Johan Cruyff,その他系
Josr Algarhoud,その他系
Judge T C,その他系
Jukebox Jury,その他系
Jump Start,その他系
Kalatos,その他系
Kaldoun,ナスルーラ系
Kaldounevees,その他系
Kelly Kip,その他系
Kendargent,その他系
Kendor,その他系
Key of Luck,その他系
Kheleyf,その他系
Kingmambo(米),ミスタープロスペクター系
Kingman(英),ノーザンダンサー系
Kingsalsa,その他系
Kitten's Joy(米),ノーザンダンサー系
Kodiac,その他系
Kris,その他系
Kris S.,ロベルト系
Kyllachy,その他系
Labeeb,その他系
Lagunas,その他系
Lahib,その他系
Lando(独),その他系
Langfuhr(加),ノーザンダンサー系
Lantana Mob,その他系
Laoban,その他系
Law Society,その他系
Lawman,その他系
Layman,その他系
Le Havre,ナスルーラ系
Lear Fan,その他系
Lemon Drop Kid,ミスタープロスペクター系
Leroidesanimaux,ナスルーラ系
Liaison,その他系
Liam's Map,その他系
Librettist,その他系
Linamix(仏),その他系
Lion Heart,ノーザンダンサー系
Literato,その他系
Lizard Island,その他系
Lomitas,その他系
Lonhro(豪),その他系
Lookin At Lucky,その他系
Lope de Vega,ノーザンダンサー系
Lord Avie,その他系
Lord of England,その他系
Lost Soldier,その他系
Louis Quatorze(米),その他系
Loup Solitaire,その他系
Luhuk,その他系
Machiavellian,ミスタープロスペクター系
Macho Uno(米),その他系
Maclean's Music,ミスタープロスペクター系
Magician(愛),その他系
Magna Graduate,その他系
Majesticperfection(米),その他系
Malibu Moon,ナスルーラ系
Mamool,その他系
Manduro(独),その他系
Manhattan Rain,その他系
Manipulator,その他系
Marchand de Sable,その他系
Marciano,その他系
Maria's Mon,その他系
Marju(愛),ノーザンダンサー系
Mark of Esteem(愛),その他系
Marquetry,ミスタープロスペクター系
Mastercraftsman,その他系
Maxios,その他系
Mayakovsky,その他系
Meadowlake,その他系
Medaglia d'Oro,ノーザンダンサー系
Medicean,ミスタープロスペクター系
Midnight Lute,その他系
Midshipman,その他系
Milt's Overture,その他系
Milwaukee Brew,その他系
Minardi(米),その他系
Mineshaft(米),ナスルーラ系
Miswaki,その他系
Mizzen Mast,その他系
Monarchos,その他系
Monsieur Bond,その他系
Monsun,その他系
Montbrook(米),その他系
Montjeu(愛),ノーザンダンサー系
More Than Ready,その他系
Morning Line,その他系
Moscow Ballet(米),その他系
Most Welcome,その他系
Motivator,その他系
Mount Nelson(英),その他系
Mr Speaker,その他系
Mr. Greeley,ミスタープロスペクター系
Mr. Prospector,ミスタープロスペクター系
Mt. Livermore,その他系
Mtoto,その他系
Muhaarar,その他系
Muhtathir(英),その他系
Mujadil,その他系
Multiplex,その他系
Munnings,その他系
Murtajill,その他系
Mutakddim,その他系
My Golden Song,その他系
Myboycharlie,その他系
Nashwan,ナスルーラ系
Nathaniel(愛),ノーザンダンサー系
Nayef,その他系
Nedawi,その他系
Needs Further,その他系
New Approach,ノーザンダンサー系
No Nay Never,ノーザンダンサー系
Northern Afleet,その他系
Not A Single Doubt,その他系
Not This Time,その他系
Not for Love,その他系
Not for Sale,その他系
Noverre(米),その他系
Numerous,その他系
Nureyev,ノーザンダンサー系
O'Reilly,その他系
Oasis Dream(英),ナスルーラ系
Observatory,その他系
Ocean Terrace,その他系
Officer,その他系
Offlee Wild,その他系
Old Fashioned,その他系
Old Trieste,ナスルーラ系
Oratorio,その他系
Orb,その他系
Orientate,その他系
Orpen,ノーザンダンサー系
Oscar,その他系
Out of Place,その他系
Outflanker,その他系
Overanalyze,その他系
Oxbow,その他系
Panis,その他系
Pastoral Pursuits,その他系
Paynter,その他系
Peaks and Valleys,その他系
Pedro the Great,その他系
Pegasus Wind,その他系
Pennekamp(米),その他系
Perfect Soul,その他系
Petionville,その他系
Pierro,その他系
Pioneerof the Nile,ミスタープロスペクター系
Pistolet Bleu,その他系
Pivotal,ノーザンダンサー系
Planteur(愛),その他系
Platini(独),その他系
Pleasantly Perfect(米),その他系
Poet's Voice,その他系
Point Given(米),その他系
Point of Entry,その他系
Polish Precedent(米),その他系
Polish Pro,その他系
Pollard's Vision,その他系
Popular,その他系
Posse,ミスタープロスペクター系
Pour Moi(愛),その他系
Power,その他系
Private Account,その他系
Privately Held,その他系
Prospective,その他系
Proud Citizen,その他系
Proudest Romeo,その他系
Pulpit,ナスルーラ系
Pure Prize,ノーザンダンサー系
Purge,その他系
Put It Back,その他系
Quality Road,ミスタープロスペクター系
Quiet American,その他系
Rahy,ナスルーラ系
Rail Link(英),その他系
Rainbow Quest(米),その他系
Raven's Pass,ミスタープロスペクター系
Ready's Image,その他系
Real Quiet,ミスタープロスペクター系
Reckless Abandon,その他系
Red Clubs(愛),その他系
Red Ransom,ロベルト系
Red Runner,その他系
Redattore,その他系
Redoute's Choice,ノーザンダンサー系
Refuse to Bend(愛),その他系
Reliable Man(英),その他系
Reload,その他系
Repent,その他系
Reset,その他系
Richly Blended,その他系
Rio de La Plata(米),その他系
Rip Van Winkle(愛),その他系
River Special,その他系
Rock Hard Ten,その他系
Rockport Harbor,その他系
Roderic O'Connor,その他系
Roi Normand,その他系
Roman Ruler,ミスタープロスペクター系
Rossini,その他系
Roy,その他系
Royal Anthem,その他系
Royal Applause,その他系
Royal Dragon,その他系
Rubiano,その他系
Ruler of The World(愛),その他系
Runhappy,その他系
Running Stag,その他系
Sadler's Wells(米),ノーザンダンサー系
Sageburg,その他系
Sahm,その他系
Saint Ballado,その他系
Saint Liam,その他系
Saintly Look,その他系
Sakhee(米),その他系
Salt Lake,その他系
Samum,その他系
Scat Daddy(米),ノーザンダンサー系
Scipion,その他系
Sea The Moon(独),その他系
Sea The StarsSea the Stars(愛),ノーザンダンサー系
Sea of Secrets,その他系
Seattle Fitz,その他系
Seattle Slew,ナスルーラ系
Sebi Halo,その他系
Sebring,その他系
Seeking the Gold,ミスタープロスペクター系
Selkirk,その他系
Sepoy,その他系
Septieme Ciel,その他系
Sevres Rose,その他系
Shackleford,その他系
Shakespeare,その他系
Shamardal(米),ノーザンダンサー系
Sharp Humor,その他系
Shirocco,その他系
Sholokhov,その他系
Showcasing,その他系
Sidney's Candy,その他系
Sightseeing,その他系
Silent Name,その他系
Silver City,その他系
Silver Deputy,その他系
Silver Hawk,ロベルト系
Silver Planet,その他系
Singspiel(愛),ノーザンダンサー系
Sinndar(愛),ナスルーラ系
Siphon,その他系
Sir Cat,その他系
Sir Percy(英),その他系
Sir Prancealot,その他系
Sixties Icon(英),その他系
Siyouni,ノーザンダンサー系
Skip Away,その他系
Skipshot,その他系
Sky Classic,その他系
Sky Mesa,その他系
Sligo Bay,その他系
Smart Strike(加),ミスタープロスペクター系
Smarty Jones(米),その他系
Smiling Tiger,その他系
Smoke Glacken,その他系
So You Think(新),その他系
Soave,その他系
Soldier Hollow,その他系
Solon,その他系
Songandaprayer,その他系
Southdale,その他系
Southern Image(米),その他系
Souvenir Copy,その他系
Spanish Steps,その他系
Spectrum,その他系
Speightstown(米),ミスタープロスペクター系
Spirit One,その他系
Spring At Last,その他系
Square Eddie,その他系
Sri Pekan,その他系
St. Petersburg,その他系
Star Dabbler,その他系
Starspangledbanner,その他系
Stephen Got Even,その他系
Storm Boot,その他系
Storm Cat(米),ノーザンダンサー系
Storm Creek,その他系
Storm Embrujado,その他系
Stormin Fever,その他系
Stormy Atlantic,その他系
Stormy River,その他系
Strategic Prince,その他系
Street Boss,その他系
Street Cry(愛),ミスタープロスペクター系
Stripes Song,その他系
Stroll,その他系
Strong Mandate(米),その他系
Stuka,その他系
Style Vendome,その他系
Successful Appeal(米),その他系
Suggestive Boy,その他系
Sultry Song,その他系
Sunday Break,その他系
Sunray Spirit,その他系
Sunriver,その他系
Super Easy,その他系
Super Saver,その他系
Swain(愛),その他系
Swiss Spirit,その他系
Tale of Ekati,その他系
Tale of the Cat(米),ノーザンダンサー系
Tamayuz,その他系
Tapit(米),ナスルーラ系
Tapizar,その他系
Tavistock,その他系
Tawqeet,その他系
Tejano Run,その他系
Temple City,その他系
Ten Most Wanted,その他系
Teofilo,ノーザンダンサー系
Tertullian,その他系
The Gurkha(愛),その他系
The Leopard,その他系
The Wow Signal,その他系
Theatrical,その他系
Thewayyouare,その他系
Thorn Park,その他系
Thousand Words,その他系
Tiger Hill(愛),その他系
Tiger Ridge,その他系
Tiz Wonderful,その他系
Tiznow,その他系
Tizway(米),その他系
To Honor and Serve(米),その他系
Tobougg(愛),その他系
Toolighttoquit,その他系
Toorak Toff,その他系
Touch Gold,その他系
Toylsome,その他系
Trappe Shot,その他系
Treasure Beach(英),その他系
Trempolino(米),その他系
Tribal Rule,その他系
True Cause,その他系
Turgeon,その他系
Twirling Candy,その他系
U S Ranger,その他系
Unbridled,ミスタープロスペクター系
Unbridled's Song(米),ミスタープロスペクター系
Uncaptured,その他系
Uncle Mo(米),ミスタープロスペクター系
Union Rags,ノーザンダンサー系
Untuttable,その他系
Unusual Heat,その他系
Val Royal,その他系
Vale of York,その他系
Valid Expectations,その他系
Van Nistelrooy,その他系
Verrazano,その他系
Vertiformer,その他系
Vespone,その他系
Vettori,その他系
Vicar,その他系
Victory Gallop,その他系
Victory Note,その他系
Vindication,ナスルーラ系
Violence,その他系
War Chant,その他系
War Front,ノーザンダンサー系
Warrior's Reward,その他系
Well Decorated,その他系
Whipper,その他系
Wicked Strong,その他系
Wiesenpfad,その他系
Wilburn,その他系
Wild Again,その他系
Wild Event,その他系
Wildcat Heir,その他系
Winker Watson,その他系
With Approval,その他系
Woodman,ミスタープロスペクター系
Wootton Bassett(英),その他系
Written Tycoon,その他系
Yankee Victor(米),その他系
Yes It's True,その他系
Yesbyjimminy,その他系
Yonaguska(米),その他系
Zafeen(仏),その他系
Zafonic(米),ミスタープロスペクター系
Zamindar,その他系
Zanzibari(米),その他系
Zavata,その他系
Zensational,その他系
Zoffany,その他系
Zoustar,その他系
アイネスフウジン,その他系
アイルハヴアナザーI'll Have Another(米),ミスタープロスペクター系
アグネスカミカゼ,その他系
アグネスゴールド,その他系
アグネスタキオン,サンデーサイレンス系
アグネスデジタル,ミスタープロスペクター系
アグネスフライト,その他系
アグネスワールド,その他系
アサクサキングス,その他系
アサクサデンエン,その他系
アサティスAssatis(米),その他系
アジアエクスプレス,ノーザンダンサー系
アジュディケーティングAdjudicating(米),その他系
アッミラーレ,サンデーサイレンス系
アドマイヤオーラ,その他系
アドマイヤコジーン,ナスルーラ系
アドマイヤジャパン,サンデーサイレンス系
アドマイヤジュピタ,その他系
アドマイヤドン,ミスタープロスペクター系
アドマイヤベガ,サンデーサイレンス系
アドマイヤボス,その他系
アドマイヤマックス,サンデーサイレンス系
アドマイヤムーン,ミスタープロスペクター系
アニマルキングダムAnimal Kingdom(米),その他系
アフリートAfleet(加),ミスタープロスペクター系
アブクマポーロ,その他系
アポインテッドデイ,その他系
アポロキングダム,その他系
アメリカンボス,その他系
アラジArazi(米),その他系
アラムシャーAlamshar(愛),その他系
アルカセットAlkaased(米),ミスタープロスペクター系
アルデバランIIAldebaran(米),ミスタープロスペクター系
アンクルスーパー,その他系
アントレプレナーEntrepreneur(英),その他系
アンバーシャダイ,その他系
アンライバルド,その他系
アーネストリー,その他系
アーミジャーArmiger(英),その他系
イシノサンデー,その他系
イシノナイト,その他系
イスラボニータ,サンデーサイレンス系
イーグルカフェ,その他系
ウィルテイクチャージ,その他系
ウイニングチケット,その他系
ウインクリューガー,その他系
ウイングアロー,その他系
ウインデュエル,その他系
ウインラディウス,その他系
ウェイオブライトWay of Light(米),その他系
ウォーエンブレムWar Emblem(米),ミスタープロスペクター系
ウォーターリーグ,その他系
ウォーニングWarning(英),その他系
エアエミネム,その他系
エアジハード,その他系
エイシンアポロン,その他系
エイシンサンディ,その他系
エイシンデピュティ,その他系
エイシンフラッシュ,ミスタープロスペクター系
エイシンプレストン,その他系
エイシンワシントン,その他系
エスケンデレヤ,ノーザンダンサー系
エスポワールシチー,サンデーサイレンス系
エピファネイア,ロベルト系
エブロスEbros(米),その他系
エムオーウイナー,その他系
エリシオHelissio(仏),ノーザンダンサー系
エルコンドルパサー,ミスタープロスペクター系
エルハーブErhaab(米),その他系
エンドスウィープEnd Sweep(米),ミスタープロスペクター系
エンパイアメーカーEmpire Maker(米),ミスタープロスペクター系
オウケンブルースリ,その他系
オウケンマジック,その他系
オグリキャップ,その他系
オジジアンOgygian(米),その他系
オナーコード,その他系
オペラハウスOpera House(英),ノーザンダンサー系
オルフェーヴル,サンデーサイレンス系
オレハマッテルゼ,サンデーサイレンス系
オンファイア,サンデーサイレンス系
オースOath(愛),その他系
カコイーシーズCacoethes(米),その他系
カジノドライヴ,ナスルーラ系
カネヒキリ,その他系
カフェオリンポス,その他系
カフェラピード,その他系
カリスタグローリ,その他系
カリズマティックCharismatic(米),ノーザンダンサー系
カリフォルニアクロームCalifornia Chrome(米),その他系
カルストンライトオ,その他系
カレンブラックヒル,その他系
カンパニー,その他系
カーネギーCarnegie(愛),その他系
キズナ,サンデーサイレンス系
キタサンブラック,サンデーサイレンス系
キッケンクリスKicken Kris(米),その他系
キャプテンスティーヴCaptain Steve(米),その他系
キャプテントゥーレ,その他系
キョウワアリシバ,その他系
キングオブキングスKing of Kings(愛),その他系
キングカメハメハ,ミスタープロスペクター系
キンググローリアスKing Glorious(米),その他系
キングズベストKing's Best(米),ミスタープロスペクター系
キングヘイロー,ノーザンダンサー系
キンシャサノキセキ,サンデーサイレンス系
クリエイターCreator(英),その他系
クリプティックラスカルCryptic Rascal(米),その他系
クリーンエコロジー,その他系
クレスコグランド,その他系
クロコルージュCroco Rouge(愛),その他系
クロフネ,ノーザンダンサー系
グラスワンダー,ロベルト系
グランシュヴァリエ,その他系
グランデラGrandera(愛),その他系
グランドオペラGrand Opera(米),その他系
グランプリボス,その他系
グリーンアプローズ,その他系
ケイムホームCame Home(米),ミスタープロスペクター系
ケープブランコCape Blanco(英),その他系
コパノフウジン,その他系
コパノリチャード,その他系
コマンズCommands(豪),ノーザンダンサー系
コマンダーインチーフCommander in Chief(英),ノーザンダンサー系
コロナドズクエストCoronado's Quest(米),ミスタープロスペクター系
コンデュイットConduit(愛),ナスルーラ系
ゴールドアリュール,サンデーサイレンス系
ゴールドシップ,サンデーサイレンス系
ゴールドプルーフ,その他系
ゴールドヘイロー,サンデーサイレンス系
サイレントディール,その他系
サウスヴィグラス,ミスタープロスペクター系
サクラバクシンオー,ナスルーラ系
サクラプレジデント,サンデーサイレンス系
サクラユタカオー,その他系
サクラローレル,ナスルーラ系
サザンヘイローSouthern Halo(米),その他系
サッカーボーイ,その他系
サニングデール,その他系
サニーブライアン,その他系
サブミーカー,その他系
サマーバードSummer Bird(米),その他系
サムライハート,サンデーサイレンス系
サンカルロ,その他系
サンダーガルチThunder Gulch(米),ミスタープロスペクター系
サンデーウェル,その他系
サンデーサイレンスSunday Silence(米),サンデーサイレンス系
サンライズペガサス,その他系
ザッツザプレンティ,その他系
ザールXaar(英),その他系
シアトルスズカ,その他系
シアトルダンサーIISeattle Dancer(米),その他系
シェルゲーム,その他系
シックスセンス,その他系
シニスターミニスターSinister Minister(米),ナスルーラ系
シビルウォー,その他系
シベリアンホーク,その他系
シャンハイShanghai(米),その他系
シャンハイボビーShanghai Bobby(米),その他系
シャーディーShaadi(米),その他系
ショウナンカンプ,ナスルーラ系
シルバーステート,サンデーサイレンス系
シルバーチャームSilver Charm(米),その他系
シルポート,その他系
シンボリクリスエス,ロベルト系
シンボリルドルフ,その他系
シーキングザダイヤ,その他系
ジェイドハンターJade Hunter(米),その他系
ジェイドロバリーJade Robbery(米),ミスタープロスペクター系
ジェニュイン,その他系
ジェネラスGenerous(愛),その他系
ジャイアントレッカーGiant Wrecker(米),その他系
ジャスタウェイ,サンデーサイレンス系
ジャッジアンジェルーチJudge Angelucci(米),ナスルーラ系
ジャングルポケット,ナスルーラ系
ジョリーズヘイローJolie's Halo(米),その他系
ジョーカプチーノ,その他系
スウィフトカレント,その他系
スウェプトオーヴァーボードSwept Overboard(米),ミスタープロスペクター系
スエヒロコマンダー,その他系
スキャターザゴールドScatter the Gold(加),その他系
スキャンScan(米),その他系
スクリーンヒーロー,ロベルト系
スクワートルスクワートSquirtle Squirt(米),その他系
スズカコーズウェイ,その他系
スズカストリート,その他系
スズカフェニックス,その他系
スズカマンボ,サンデーサイレンス系
スタチューオブリバティStatue of Liberty(米),ノーザンダンサー系
スターオブコジーンStar of Cozzene(米),その他系
スターキングマン,その他系
スターリングローズ,ミスタープロスペクター系
ステイゴールド,サンデーサイレンス系
ステートリードンStately Don(米),その他系
ストラヴィンスキー,ノーザンダンサー系
ストリートセンスStreet Sense(米),ミスタープロスペクター系
ストロングリターン,その他系
ストーミングホームStorming Home(英),ミスタープロスペクター系
スニッツェルSnitzel(豪),ノーザンダンサー系
スパイキュール,サンデーサイレンス系
スピニングワールドSpinning World(米),その他系
スピルバーグ,サンデーサイレンス系
スピードワールド,その他系
スペシャルウィーク,サンデーサイレンス系
スマートファルコン,サンデーサイレンス系
スマートボーイ,その他系
スマートロビン,その他系
スリリングサンデー,その他系
スーパーホーネット,その他系
セイントアレックス,その他系
ゼネラリスト,その他系
ゼンノエルシド,その他系
ゼンノメイジン,その他系
ゼンノロブロイ,サンデーサイレンス系
ソウルオブザマターSoul of the Matter(米),その他系
ソングオブウインド,ミスタープロスペクター系
ソヴィエトスターSoviet Star(米),その他系
タイキシャトル,その他系
タイトスポットTight Spot(米),その他系
タイムパラドックス,その他系
タガノゲルニカ,その他系
タガノロックオン,その他系
タックスパラダイス,その他系
タップダンスシチー,その他系
タニノギムレット,ロベルト系
タバスコキャットTabasco Cat(米),その他系
タマモクロス,その他系
タヤスツヨシ,その他系
タートルボウルTurtle Bowl(愛),ノーザンダンサー系
ダイシンオレンジ,その他系
ダイタクサージャン,その他系
ダイタクリーヴァ,その他系
ダイナガリバー,その他系
ダイナマイトダディ,その他系
ダイナマイトメール,その他系
ダイワメジャー,サンデーサイレンス系
ダノンシャンティ,サンデーサイレンス系
ダンカークDunkirk(米),その他系
ダンシングブレーヴDancing Brave(米),ノーザンダンサー系
ダンスインザダーク,サンデーサイレンス系
ダンツシアトル,その他系
ダンディコマンド,その他系
チアズブライトリー,その他系
チチカステナンゴChichicastenango(仏),ナスルーラ系
チーフベアハートChief Bearhart(加),ノーザンダンサー系
ツルマルボーイ,その他系
ティッカネンTikkanen(米),その他系
ティンバーカントリーTimber Country(米),ミスタープロスペクター系
テイエムオペラオー,その他系
テレグノシス,その他系
テンビーTenby(英),その他系
ディアブロDiablo(米),その他系
ディクタットDiktat(英),その他系
ディスクリートキャットDiscreet Cat(米),その他系
ディープインパクト,サンデーサイレンス系
ディープスカイ,サンデーサイレンス系
ディープブリランテ,サンデーサイレンス系
デインヒルDanehill(米),ノーザンダンサー系
デクラレーションオブウォー,その他系
デザートキングDesert King(愛),その他系
デヒアDehere(米),ノーザンダンサー系
デビッドジュニアDavid Junior(米),その他系
デュランダル,サンデーサイレンス系
トゥザグローリー,その他系
トゥザワールド,その他系
トウカイテイオー,その他系
トニービンTony Bin(愛),ナスルーラ系
トビーズコーナーToby's Corner(米),その他系
トランセンド,その他系
トワイニングTwining(米),ミスタープロスペクター系
トーセンジョーダン,ナスルーラ系
トーセンダンス,その他系
トーセンファントム,その他系
トーセンブライト,その他系
トーセンホマレボシ,サンデーサイレンス系
トーセンラー,サンデーサイレンス系
トーセンロレンス,その他系
トーホウエンペラー,その他系
トーヨーレインボー,その他系
ドゥラメンテ,ミスタープロスペクター系
ドクターデヴィアスDr Devious(愛),その他系
ドリームジャーニー,サンデーサイレンス系
ドレフォンDrefong(米),ノーザンダンサー系
ナカヤマフェスタ,サンデーサイレンス系
ナリタセンチュリー,その他系
ナリタトップロード,その他系
ナリタブライアン,その他系
ニホンピロウイナー,その他系
ニホンピロニール,その他系
ニューイングランド,その他系
ネイティヴハート,その他系
ネオユニヴァース,サンデーサイレンス系
ノボジャック,ノーザンダンサー系
ノボトゥルー,その他系
ノヴェリストNovellist(愛),その他系
ノーザンテーストNorthern Taste(加),その他系
ハイアーゲーム,その他系
ハウスバスターHousebuster(米),その他系
ハットトリック,その他系
ハンセルHansel(米),その他系
ハーツクライ,サンデーサイレンス系
ハードスパンHard Spun(米),ノーザンダンサー系
ハービンジャーHarbinger(英),ノーザンダンサー系
バゴBago(仏),ナスルーラ系
バチアーBachir(愛),その他系
バトルプランBattle Plan(米),その他系
バトルライン,その他系
バブルガムフェロー,サンデーサイレンス系
バランスオブゲーム,その他系
バロズハート,その他系
バンブーエール,その他系
バンブービギン,その他系
パイロPyro(米),ナスルーラ系
パドトロワ,その他系
パラダイスクリークParadise Creek(米),ナスルーラ系
パレスマリス,その他系
パントレセレブルPeintre Celebre(米),その他系
パーソナルラッシュ,その他系
ヒカリバオー,その他系
ヒシミラクル,その他系
ビッグサンデー,その他系
ビワタケヒデ,その他系
ビービーガルダン,その他系
ピルサドスキーPilsudski(愛),その他系
ファスリエフFasliyev(米),ノーザンダンサー系
ファルブラヴFalbrav(愛),ノーザンダンサー系
ファンタスティックライトFantastic Light(米),ナスルーラ系
フェノーメノ,サンデーサイレンス系
フォティテンFotitieng(米),その他系
フォーティナイナーForty Niner(米),ミスタープロスペクター系
フォーティナイナーズサンFourty Niners Son(米),その他系
フサイチコンコルド,ノーザンダンサー系
フサイチセブン,その他系
フサイチリシャール,その他系
フジキセキ,サンデーサイレンス系
フリオーソ,その他系
フレンチデピュティFrench Deputy(米),ノーザンダンサー系
ブライアンズタイムBrian's Time(米),ロベルト系
ブラックタイアフェアーBlack Tie Affair(愛),その他系
ブラックタイド,サンデーサイレンス系
ブラックタキシード,その他系
ブラックホーク,ノーザンダンサー系
ブレイクランアウト,その他系
ブロッコBrocco(米),その他系
プリサイスエンドPrecise End(米),ミスタープロスペクター系
プレミアムサンダー,その他系
ヘクタープロテクターHector Protector(米),ミスタープロスペクター系
ヘニーヒューズHenny Hughes(米),ノーザンダンサー系
ヘネシーHennessy(米),ノーザンダンサー系
ベストタイアップ,その他系
ベルシャザール,ミスタープロスペクター系
ベーカバドBehkabad(仏),その他系
ペンタイアPentire(英),その他系
ホリスキー,その他系
ホワイトマズルWhite Muzzle(英),ノーザンダンサー系
ボストンハーバーBoston Harbor(米),ナスルーラ系
ボーナスフィーバー,その他系
マイニングMining(米),その他系
マイネルセレクト,その他系
マイネルラヴ,ミスタープロスペクター系
マクフィMakfi(英),ミスタープロスペクター系
マジェスティックウォリアーMajestic Warrior(米),ナスルーラ系
マジックマイルズMagic Miles(米),その他系
マツリダゴッホ,サンデーサイレンス系
マヤノトップガン,ロベルト系
マリエンバードMarienbard(愛),その他系
マルカシェンク,その他系
マルゼンスキー,その他系
マンハッタンカフェ,サンデーサイレンス系
マンハッタンスカイ,その他系
マーベラスサンデー,サンデーサイレンス系
ミシエロMi Cielo(米),その他系
ミシルMisil(米),その他系
ミスキャスト,その他系
ミッキーアイル,サンデーサイレンス系
ミラクルアドマイヤ,その他系
ムタファーウエクMutafaweq(米),その他系
ムーンバラッドMoon Ballad(愛),その他系
ムーンロケット,その他系
メイショウオウドウ,サンデーサイレンス系
メイショウサムソン,ノーザンダンサー系
メイショウドトウ,その他系
メイショウホムラ,その他系
メイショウボーラー,その他系
メジロブライト,その他系
メジロベイリー,サンデーサイレンス系
メジロマックイーン,その他系
メジロライアン,その他系
モルフェデスペクタ,その他系
モンテロッソMonterosso(英),その他系
モーリス,ロベルト系
ヤマニンセラフィム,その他系
ヤマニンゼファー,その他系
ユートピア,その他系
ヨハネスブルグJohannesburg(米),ノーザンダンサー系
ライブリーワンLively One(米),その他系
ラスカルスズカ,その他系
ラストタイクーンLast Tycoon(愛),その他系
ラブリーデイ,その他系
ラムタラLammtarra(米),その他系
リアルインパクト,サンデーサイレンス系
リアルシャダイReal Shadai(米),その他系
リオンディーズ,ミスタープロスペクター系
リキアイサイレンス,その他系
リンカーン,サンデーサイレンス系
リンドシェーバー,その他系
リーチザクラウン,その他系
ルーラーシップ,ミスタープロスペクター系
ルールオブローRule of Law(米),その他系
レジェンドテイオー,その他系
レッドスパーダ,その他系
ロイヤルアカデミーIIRoyal Academy(米),その他系
ロイヤルタッチ,その他系
ロゴタイプ,サンデーサイレンス系
ロサード,その他系
ロジユニヴァース,その他系
ロックオブジブラルタル,ノーザンダンサー系
ロドリゴデトリアーノRodrigo de Triano(米),その他系
ローエングリン,ノーザンダンサー系
ロージズインメイRoses in May(米),その他系
ローズキングダム,その他系
ロードアルティマ,その他系
ロードカナロア,ミスタープロスペクター系
ローレルゲレイロ,その他系
ワイルドラッシュWild Rush(米),その他系
ワイルドワンダー,その他系
ワカオライデン,その他系
ワレンダーWallenda(米),その他系
ワンダーアキュート,その他系
ワークフォースWorkforce(英),ミスタープロスペクター系
ワールドエース,サンデーサイレンス系
ヴァーミリアン,サンデーサイレンス系
ヴィクトリースピーチVictory Speech(米),その他系
ヴィクトワールピサ,サンデーサイレンス系
ヴリル,その他系
